sample_id,dataset,censoring_rate,unit_id,anchor_time,duration,event,event_type,horizon_1,horizon_2,horizon_3,horizon_4,static_feature_1,static_feature_2,seq_feature_mean_1,seq_feature_std_1,seq_feature_last_1,missing_rate,padding_rate,source_frame
sample_0001,scania,0,unit_0001,178.600006,108.599998,0,0,24,72,168,336,1,0,1,1,0,0,0,scania_0_frame.npz
sample_0002,scania,0,unit_0002,115.400002,30.799999,0,0,24,72,168,336,1,0,1,1,0,0,0,scania_0_frame.npz
sample_0003,scania,0,unit_0003,188.199997,14.8,1,1,24,72,168,336,0,0,0,0,0,0,0,scania_0_frame.npz
sample_0004,scania,0,unit_0004,134.399994,72.599998,0,0,24,72,168,336,0,0,0,0,0,0,0,scania_0_frame.npz
sample_0005,scania,0,unit_0005,176.399994,54.599998,0,0,24,72,168,336,0,0,0,0,0,0,0,scania_0_frame.npz
sample_0006,scania,0,unit_0006,165,7,1,1,24,72,168,336,1,0,1,1,0,0,0,scania_0_frame.npz
sample_0007,scania,0,unit_0007,136,26.799999,0,0,24,72,168,336,0,0,0,0,0,0,0,scania_0_frame.npz
sample_0008,scania,0,unit_0008,305.799988,100,0,0,24,72,168,336,0,1,0,1,1,0,0,scania_0_frame.npz
sample_0009,scania,0,unit_0009,263.200012,16,0,0,24,72,168,336,1,0,1,1,0,0,0,scania_0_frame.npz
sample_0010,scania,0,unit_0010,266,22.4,0,0,24,72,168,336,1,0,1,1,0,0,0,scania_0_frame.npz
sample_0011,scania,0,unit_0011,231.600006,52,0,0,24,72,168,336,1,0,1,1,0,0,0,scania_0_frame.npz
sample_0012,scania,0,unit_0012,119,47.799999,0,0,24,72,168,336,1,0,1,1,0,0,0,scania_0_frame.npz
sample_0013,scania,0,unit_0013,133.600006,45,0,0,24,72,168,336,0,0,0,0,0,0,0,scania_0_frame.npz
sample_0014,scania,0,unit_0014,123.599998,7.4,1,1,24,72,168,336,1,0,1,1,0,0,0,scania_0_frame.npz
sample_0015,scania,0,unit_0015,221.600006,87.400002,0,0,24,72,168,336,0,1,0,1,1,0,0,scania_0_frame.npz
sample_0016,scania,0,unit_0016,253,25.200001,0,0,24,72,168,336,1,0,1,1,0,0,0,scania_0_frame.npz
sample_0017,scania,0,unit_0017,360.600006,82.800003,0,0,24,72,168,336,1,0,1,1,0,0,0,scania_0_frame.npz
sample_0018,scania,0,unit_0018,235.399994,122,0,0,24,72,168,336,0,1,0,1,1,0,0,scania_0_frame.npz
sample_0019,scania,0,unit_0019,174.199997,162.600006,0,0,24,72,168,336,1,0,1,1,0,0,0,scania_0_frame.npz
sample_0020,scania,0,unit_0020,131,242.800003,0,0,24,72,168,336,0,1,0,1,1,0,0,scania_0_frame.npz
sample_0021,scania,0,unit_0021,208.600006,135,0,0,24,72,168,336,0,0,0,0,0,0,0,scania_0_frame.npz
sample_0022,scania,0,unit_0022,353.399994,7,0,0,24,72,168,336,0,0,0,0,0,0,0,scania_0_frame.npz
sample_0023,scania,0,unit_0023,162.199997,232.399994,0,0,24,72,168,336,0,1,0,1,1,0,0,scania_0_frame.npz
sample_0024,scania,0,unit_0024,141.399994,78.599998,0,0,24,72,168,336,0,0,0,0,0,0,0,scania_0_frame.npz
sample_0025,scania,0,unit_0025,213.199997,88.599998,0,0,24,72,168,336,1,0,1,1,0,0,0,scania_0_frame.npz
sample_0026,scania,0,unit_0026,228,44.599998,0,0,24,72,168,336,1,0,1,1,0,0,0,scania_0_frame.npz
sample_0027,scania,0,unit_0027,174.199997,44,0,0,24,72,168,336,1,0,1,1,0,0,0,scania_0_frame.npz
sample_0028,scania,0,unit_0028,94.800003,188.800003,1,1,24,72,168,336,0,1,0,1,1,0,0,scania_0_frame.npz
sample_0029,scania,0,unit_0029,105.199997,233.800003,0,0,24,72,168,336,0,1,0,1,1,0,0,scania_0_frame.npz
sample_0030,scania,0,unit_0030,84.800003,58.400002,0,0,24,72,168,336,0,0,0,0,0,0,0,scania_0_frame.npz
sample_0031,scania,0,unit_0031,82.800003,0.2,1,1,24,72,168,336,0,1,0,1,1,0,0,scania_0_frame.npz
sample_0032,scania,0,unit_0032,165.199997,30.200001,0,0,24,72,168,336,0,0,0,0,0,0,0,scania_0_frame.npz
sample_0033,scania,0,unit_0033,369.399994,32.400002,0,0,24,72,168,336,1,0,1,1,0,0,0,scania_0_frame.npz
sample_0034,scania,0,unit_0034,341.399994,5,0,0,24,72,168,336,1,0,1,1,0,0,0,scania_0_frame.npz
sample_0035,scania,0,unit_0035,106.599998,287,1,1,24,72,168,336,1,0,1,1,0,0,0,scania_0_frame.npz
sample_0036,scania,0,unit_0036,214.199997,127.199997,0,0,24,72,168,336,0,0,0,0,0,0,0,scania_0_frame.npz
sample_0037,scania,0,unit_0037,105,128,0,0,24,72,168,336,1,0,1,1,0,0,0,scania_0_frame.npz
sample_0038,scania,0,unit_0038,132.800003,22.4,0,0,24,72,168,336,0,0,0,0,0,0,0,scania_0_frame.npz
sample_0039,scania,0,unit_0039,184.600006,5,0,0,24,72,168,336,0,0,0,0,0,0,0,scania_0_frame.npz
sample_0040,scania,0,unit_0040,200.199997,27.799999,0,0,24,72,168,336,1,0,1,1,0,0,0,scania_0_frame.npz
sample_0041,scania,0,unit_0041,238.199997,75.599998,0,0,24,72,168,336,1,0,1,1,0,0,0,scania_0_frame.npz
sample_0042,scania,0,unit_0042,287.600006,52.599998,1,1,24,72,168,336,1,0,1,1,0,0,0,scania_0_frame.npz
sample_0043,scania,0,unit_0043,153.399994,115.199997,0,0,24,72,168,336,0,0,0,0,0,0,0,scania_0_frame.npz
sample_0044,scania,0,unit_0044,197.600006,16.4,0,0,24,72,168,336,1,0,1,1,0,0,0,scania_0_frame.npz
sample_0045,scania,0,unit_0045,298.799988,113.599998,0,0,24,72,168,336,1,0,1,1,0,0,0,scania_0_frame.npz
sample_0046,scania,0,unit_0046,142.800003,149.399994,0,0,24,72,168,336,0,0,0,0,0,0,0,scania_0_frame.npz
sample_0047,scania,0,unit_0047,97,85.199997,0,0,24,72,168,336,0,0,0,0,0,0,0,scania_0_frame.npz
sample_0048,scania,0,unit_0048,162.399994,96.400002,0,0,24,72,168,336,1,0,1,1,0,0,0,scania_0_frame.npz
sample_0049,scania,0,unit_0049,97,75,1,1,24,72,168,336,0,1,0,1,1,0,0,scania_0_frame.npz
sample_0050,scania,0,unit_0050,275.399994,26.200001,0,0,24,72,168,336,0,1,0,1,1,0,0,scania_0_frame.npz
sample_0051,scania,0,unit_0051,127.599998,187.399994,0,0,24,72,168,336,0,0,0,0,0,0,0,scania_0_frame.npz
sample_0052,scania,0,unit_0052,121.599998,231.199997,0,0,24,72,168,336,0,1,0,1,1,0,0,scania_0_frame.npz
sample_0053,scania,0,unit_0053,123.199997,61,0,0,24,72,168,336,0,0,0,0,0,0,0,scania_0_frame.npz
sample_0054,scania,0,unit_0054,117,90.400002,1,1,24,72,168,336,1,0,1,1,0,0,0,scania_0_frame.npz
sample_0055,scania,0,unit_0055,161.800003,114.800003,1,1,24,72,168,336,1,0,1,1,0,0,0,scania_0_frame.npz
sample_0056,scania,0,unit_0056,187.800003,17.6,0,0,24,72,168,336,1,0,1,1,0,0,0,scania_0_frame.npz
sample_0057,scania,0,unit_0057,275.799988,45.200001,0,0,24,72,168,336,1,0,1,1,0,0,0,scania_0_frame.npz
sample_0058,scania,0,unit_0058,242.800003,84.800003,0,0,24,72,168,336,1,0,1,1,0,0,0,scania_0_frame.npz
sample_0059,scania,0,unit_0059,213.399994,77.800003,0,0,24,72,168,336,0,0,0,0,0,0,0,scania_0_frame.npz
sample_0060,scania,0,unit_0060,66.599998,89.400002,0,0,24,72,168,336,0,0,0,0,0,0,0,scania_0_frame.npz
sample_0061,scania,0,unit_0061,288.200012,6.6,0,0,24,72,168,336,1,0,1,1,0,0,0,scania_0_frame.npz
sample_0062,scania,0,unit_0062,73.599998,131,1,1,24,72,168,336,0,0,0,0,0,0,0,scania_0_frame.npz
sample_0063,scania,0,unit_0063,110.400002,174,0,0,24,72,168,336,0,1,0,1,1,0,0,scania_0_frame.npz
sample_0064,scania,0,unit_0064,176.199997,151.800003,0,0,24,72,168,336,0,1,0,1,1,0,0,scania_0_frame.npz
sample_0065,scania,0,unit_0065,190.199997,196.399994,0,0,24,72,168,336,1,0,1,1,0,0,0,scania_0_frame.npz
sample_0066,scania,0,unit_0066,105.599998,208,0,0,24,72,168,336,1,0,1,1,0,0,0,scania_0_frame.npz
sample_0067,scania,0,unit_0067,98.599998,124.599998,0,0,24,72,168,336,0,0,0,0,0,0,0,scania_0_frame.npz
sample_0068,scania,0,unit_0068,304.600006,184.600006,0,0,24,72,168,336,0,1,0,1,1,0,0,scania_0_frame.npz
sample_0069,scania,0,unit_0069,172.600006,100.199997,0,0,24,72,168,336,0,0,0,0,0,0,0,scania_0_frame.npz
sample_0070,scania,0,unit_0070,116.400002,72.599998,0,0,24,72,168,336,0,0,0,0,0,0,0,scania_0_frame.npz
sample_0071,scania,0,unit_0071,329.600006,19,0,0,24,72,168,336,1,0,1,1,0,0,0,scania_0_frame.npz
sample_0072,scania,0,unit_0072,246.600006,70.599998,0,0,24,72,168,336,1,0,1,1,0,0,0,scania_0_frame.npz
sample_0073,scania,0,unit_0073,209.399994,177.600006,0,0,24,72,168,336,0,1,0,1,1,0,0,scania_0_frame.npz
sample_0074,scania,0,unit_0074,141.800003,95.599998,0,0,24,72,168,336,0,1,0,1,1,0,0,scania_0_frame.npz
sample_0075,scania,0,unit_0075,93.199997,52,0,0,24,72,168,336,1,0,1,1,0,0,0,scania_0_frame.npz
sample_0076,scania,0,unit_0076,196.399994,19.6,0,0,24,72,168,336,0,1,0,1,1,0,0,scania_0_frame.npz
sample_0077,scania,0,unit_0077,191.800003,56.799999,0,0,24,72,168,336,0,0,0,0,0,0,0,scania_0_frame.npz
sample_0078,scania,0,unit_0078,146.800003,1.4,0,0,24,72,168,336,0,0,0,0,0,0,0,scania_0_frame.npz
sample_0079,scania,0,unit_0079,109.599998,278.200012,0,0,24,72,168,336,0,0,0,0,0,0,0,scania_0_frame.npz
sample_0080,scania,0,unit_0080,84.800003,354.799988,0,0,24,72,168,336,1,0,1,1,0,0,0,scania_0_frame.npz
sample_0081,scania,0,unit_0081,156.399994,25.6,0,0,24,72,168,336,0,0,0,0,0,0,0,scania_0_frame.npz
sample_0082,scania,0,unit_0082,151.800003,53.400002,0,0,24,72,168,336,0,0,0,0,0,0,0,scania_0_frame.npz
sample_0083,scania,0,unit_0083,168,50.799999,0,0,24,72,168,336,0,0,0,0,0,0,0,scania_0_frame.npz
sample_0084,scania,0,unit_0084,131.800003,231.600006,0,0,24,72,168,336,0,1,0,1,1,0,0,scania_0_frame.npz
sample_0085,scania,0,unit_0085,246.199997,73.800003,0,0,24,72,168,336,1,0,1,1,0,0,0,scania_0_frame.npz
sample_0086,scania,0,unit_0086,143.800003,173.199997,0,0,24,72,168,336,1,0,1,1,0,0,0,scania_0_frame.npz
sample_0087,scania,0,unit_0087,121,309.600006,0,0,24,72,168,336,0,0,0,0,0,0,0,scania_0_frame.npz
sample_0088,scania,0,unit_0088,178.800003,113.400002,0,0,24,72,168,336,1,0,1,1,0,0,0,scania_0_frame.npz
sample_0089,scania,0,unit_0089,104,149.600006,0,0,24,72,168,336,1,0,1,1,0,0,0,scania_0_frame.npz
sample_0090,scania,0,unit_0090,137.199997,60.200001,0,0,24,72,168,336,0,0,0,0,0,0,0,scania_0_frame.npz
sample_0091,scania,0,unit_0091,284.200012,80.400002,0,0,24,72,168,336,1,0,1,1,0,0,0,scania_0_frame.npz
sample_0092,scania,0,unit_0092,115.400002,91.599998,0,0,24,72,168,336,0,0,0,0,0,0,0,scania_0_frame.npz
sample_0093,scania,0,unit_0093,106,256.200012,0,0,24,72,168,336,1,0,1,1,0,0,0,scania_0_frame.npz
sample_0094,scania,0,unit_0094,129.800003,56,0,0,24,72,168,336,0,0,0,0,0,0,0,scania_0_frame.npz
sample_0095,scania,0,unit_0095,447.799988,0.6,0,0,24,72,168,336,0,0,0,0,0,0,0,scania_0_frame.npz
sample_0096,scania,0,unit_0096,152.800003,166.800003,0,0,24,72,168,336,1,0,1,1,0,0,0,scania_0_frame.npz
sample_0097,scania,0,unit_0097,233.399994,98.199997,0,0,24,72,168,336,0,1,0,1,1,0,0,scania_0_frame.npz
sample_0098,scania,0,unit_0098,161,73.400002,0,0,24,72,168,336,0,0,0,0,0,0,0,scania_0_frame.npz
sample_0099,scania,0,unit_0099,314.399994,39.799999,0,0,24,72,168,336,1,0,1,1,0,0,0,scania_0_frame.npz
sample_0100,scania,0,unit_0100,137.600006,111.199997,0,0,24,72,168,336,0,0,0,0,0,0,0,scania_0_frame.npz
sample_0101,scania,0,unit_0101,282.799988,60.400002,0,0,24,72,168,336,0,0,0,0,0,0,0,scania_0_frame.npz
sample_0102,scania,0,unit_0102,151,192,0,0,24,72,168,336,1,0,1,1,0,0,0,scania_0_frame.npz
sample_0103,scania,0,unit_0103,261.799988,60,1,1,24,72,168,336,1,0,1,1,0,0,0,scania_0_frame.npz
sample_0104,scania,0,unit_0104,327.799988,42.400002,0,0,24,72,168,336,0,0,0,0,0,0,0,scania_0_frame.npz
sample_0105,scania,0,unit_0105,394.399994,47.799999,0,0,24,72,168,336,0,0,0,0,0,0,0,scania_0_frame.npz
sample_0106,scania,0,unit_0106,206.399994,138,1,1,24,72,168,336,1,0,1,1,0,0,0,scania_0_frame.npz
sample_0107,scania,0,unit_0107,242.199997,146.199997,0,0,24,72,168,336,1,0,1,1,0,0,0,scania_0_frame.npz
sample_0108,scania,0,unit_0108,132.199997,19.200001,0,0,24,72,168,336,0,0,0,0,0,0,0,scania_0_frame.npz
sample_0109,scania,0,unit_0109,106.400002,38.799999,0,0,24,72,168,336,0,0,0,0,0,0,0,scania_0_frame.npz
sample_0110,scania,0,unit_0110,270.799988,80.400002,0,0,24,72,168,336,0,1,0,1,1,0,0,scania_0_frame.npz
sample_0111,scania,0,unit_0111,106.599998,66.400002,0,0,24,72,168,336,0,0,0,0,0,0,0,scania_0_frame.npz
sample_0112,scania,0,unit_0112,101.199997,244.600006,0,0,24,72,168,336,0,1,0,1,1,0,0,scania_0_frame.npz
sample_0113,scania,0,unit_0113,137.800003,331.399994,0,0,24,72,168,336,1,0,1,1,0,0,0,scania_0_frame.npz
sample_0114,scania,0,unit_0114,332,62.400002,0,0,24,72,168,336,1,0,1,1,0,0,0,scania_0_frame.npz
sample_0115,scania,0,unit_0115,97.400002,90.800003,0,0,24,72,168,336,0,0,0,0,0,0,0,scania_0_frame.npz
sample_0116,scania,0,unit_0116,155.600006,38.400002,0,0,24,72,168,336,1,0,1,1,0,0,0,scania_0_frame.npz
sample_0117,scania,0,unit_0117,170.800003,8.6,0,0,24,72,168,336,0,0,0,0,0,0,0,scania_0_frame.npz
sample_0118,scania,0,unit_0118,319,60.599998,0,0,24,72,168,336,0,1,0,1,1,0,0,scania_0_frame.npz
sample_0119,scania,0,unit_0119,113.800003,237.600006,0,0,24,72,168,336,1,0,1,1,0,0,0,scania_0_frame.npz
sample_0120,scania,0,unit_0120,182,93.800003,0,0,24,72,168,336,0,0,0,0,0,0,0,scania_0_frame.npz
sample_0121,scania,0,unit_0121,340.799988,61,0,0,24,72,168,336,0,0,0,0,0,0,0,scania_0_frame.npz
sample_0122,scania,0,unit_0122,130,156.600006,0,0,24,72,168,336,0,1,0,1,1,0,0,scania_0_frame.npz
sample_0123,scania,0,unit_0123,111.800003,61,0,0,24,72,168,336,0,0,0,0,0,0,0,scania_0_frame.npz
sample_0124,scania,0,unit_0124,126.599998,129,0,0,24,72,168,336,1,0,1,1,0,0,0,scania_0_frame.npz
sample_0125,scania,0,unit_0125,47.799999,119.800003,1,1,24,72,168,336,1,0,1,1,0,0,0,scania_0_frame.npz
sample_0126,scania,0,unit_0126,156.600006,39,0,0,24,72,168,336,0,0,0,0,0,0,0,scania_0_frame.npz
sample_0127,scania,0,unit_0127,258,116,0,0,24,72,168,336,0,0,0,0,0,0,0,scania_0_frame.npz
sample_0128,scania,0,unit_0128,291.399994,60.200001,0,0,24,72,168,336,1,0,1,1,0,0,0,scania_0_frame.npz
sample_0129,scania,0,unit_0129,87.800003,169.600006,0,0,24,72,168,336,0,1,0,1,1,0,0,scania_0_frame.npz
sample_0130,scania,0,unit_0130,125.400002,51.799999,0,0,24,72,168,336,0,0,0,0,0,0,0,scania_0_frame.npz
sample_0131,scania,0,unit_0131,214.199997,164.600006,0,0,24,72,168,336,1,0,1,1,0,0,0,scania_0_frame.npz
sample_0132,scania,0,unit_0132,123,154.800003,0,0,24,72,168,336,0,1,0,1,1,0,0,scania_0_frame.npz
sample_0133,scania,0,unit_0133,224.199997,111,0,0,24,72,168,336,1,0,1,1,0,0,0,scania_0_frame.npz
sample_0134,scania,0,unit_0134,266,130.800003,0,0,24,72,168,336,1,0,1,1,0,0,0,scania_0_frame.npz
sample_0135,scania,0,unit_0135,91,90.599998,0,0,24,72,168,336,0,0,0,0,0,0,0,scania_0_frame.npz
sample_0136,scania,0,unit_0136,226.199997,57.400002,0,0,24,72,168,336,1,0,1,1,0,0,0,scania_0_frame.npz
sample_0137,scania,0,unit_0137,157.800003,8.6,0,0,24,72,168,336,1,0,1,1,0,0,0,scania_0_frame.npz
sample_0138,scania,0,unit_0138,126,256.799988,0,0,24,72,168,336,0,0,0,0,0,0,0,scania_0_frame.npz
sample_0139,scania,0,unit_0139,324,60,0,0,24,72,168,336,0,1,0,1,1,0,0,scania_0_frame.npz
sample_0140,scania,0,unit_0140,195.600006,71.800003,0,0,24,72,168,336,0,0,0,0,0,0,0,scania_0_frame.npz
sample_0141,scania,0,unit_0141,125.599998,58.599998,0,0,24,72,168,336,0,0,0,0,0,0,0,scania_0_frame.npz
sample_0142,scania,0,unit_0142,104.199997,40.599998,0,0,24,72,168,336,1,0,1,1,0,0,0,scania_0_frame.npz
sample_0143,scania,0,unit_0143,180.800003,9.6,0,0,24,72,168,336,0,0,0,0,0,0,0,scania_0_frame.npz
sample_0144,scania,0,unit_0144,133.399994,78.400002,0,0,24,72,168,336,0,0,0,0,0,0,0,scania_0_frame.npz
sample_0145,scania,0,unit_0145,237.399994,44.799999,0,0,24,72,168,336,0,0,0,0,0,0,0,scania_0_frame.npz
sample_0146,scania,0,unit_0146,271.200012,106.800003,0,0,24,72,168,336,1,0,1,1,0,0,0,scania_0_frame.npz
sample_0147,scania,0,unit_0147,140.199997,39.200001,0,0,24,72,168,336,0,0,0,0,0,0,0,scania_0_frame.npz
sample_0148,scania,0,unit_0148,125,218,0,0,24,72,168,336,0,1,0,1,1,0,0,scania_0_frame.npz
sample_0149,scania,0,unit_0149,196.399994,121.199997,0,0,24,72,168,336,0,1,0,1,1,0,0,scania_0_frame.npz
sample_0150,scania,0,unit_0150,286.200012,37.799999,0,0,24,72,168,336,0,1,0,1,1,0,0,scania_0_frame.npz
sample_0151,scania,0,unit_0151,222,118.199997,0,0,24,72,168,336,0,0,0,0,0,0,0,scania_0_frame.npz
sample_0152,scania,0,unit_0152,155.199997,15.8,0,0,24,72,168,336,0,1,0,1,1,0,0,scania_0_frame.npz
sample_0153,scania,0,unit_0153,176,228.800003,0,0,24,72,168,336,0,1,0,1,1,0,0,scania_0_frame.npz
sample_0154,scania,0,unit_0154,325.399994,1.4,0,0,24,72,168,336,1,0,1,1,0,0,0,scania_0_frame.npz
sample_0155,scania,0,unit_0155,163.800003,21,0,0,24,72,168,336,0,0,0,0,0,0,0,scania_0_frame.npz
sample_0156,scania,0,unit_0156,69.800003,62.400002,0,0,24,72,168,336,0,0,0,0,0,0,0,scania_0_frame.npz
sample_0157,scania,0,unit_0157,104.800003,116.400002,0,0,24,72,168,336,0,0,0,0,0,0,0,scania_0_frame.npz
sample_0158,scania,0,unit_0158,423,59,1,1,24,72,168,336,0,1,0,1,1,0,0,scania_0_frame.npz
sample_0159,scania,0,unit_0159,286,35.400002,0,0,24,72,168,336,0,1,0,1,1,0,0,scania_0_frame.npz
sample_0160,scania,0,unit_0160,110.400002,187,0,0,24,72,168,336,0,1,0,1,1,0,0,scania_0_frame.npz
sample_0161,scania,0,unit_0161,142.600006,2.8,0,0,24,72,168,336,0,0,0,0,0,0,0,scania_0_frame.npz
sample_0162,scania,0,unit_0162,176.199997,50,0,0,24,72,168,336,0,0,0,0,0,0,0,scania_0_frame.npz
sample_0163,scania,0,unit_0163,92.800003,325.799988,0,0,24,72,168,336,0,0,0,0,0,0,0,scania_0_frame.npz
sample_0164,scania,0,unit_0164,275.399994,62,0,0,24,72,168,336,0,1,0,1,1,0,0,scania_0_frame.npz
sample_0165,scania,0,unit_0165,300.200012,76.599998,0,0,24,72,168,336,0,0,0,0,0,0,0,scania_0_frame.npz
sample_0166,scania,0,unit_0166,134.399994,43.200001,1,1,24,72,168,336,0,1,0,1,1,0,0,scania_0_frame.npz
sample_0167,scania,0,unit_0167,121.400002,170.399994,0,0,24,72,168,336,1,0,1,1,0,0,0,scania_0_frame.npz
sample_0168,scania,0,unit_0168,140,36.599998,0,0,24,72,168,336,0,0,0,0,0,0,0,scania_0_frame.npz
sample_0169,scania,0,unit_0169,198,4.8,1,1,24,72,168,336,1,0,1,1,0,0,0,scania_0_frame.npz
sample_0170,scania,0,unit_0170,154.199997,90.800003,1,1,24,72,168,336,0,1,0,1,1,0,0,scania_0_frame.npz
sample_0171,scania,0,unit_0171,152.800003,20,0,0,24,72,168,336,0,0,0,0,0,0,0,scania_0_frame.npz
sample_0172,scania,0,unit_0172,144.199997,180,0,0,24,72,168,336,1,0,1,1,0,0,0,scania_0_frame.npz
sample_0173,scania,0,unit_0173,175.600006,196.800003,0,0,24,72,168,336,1,0,1,1,0,0,0,scania_0_frame.npz
sample_0174,scania,0,unit_0174,320.399994,97.599998,0,0,24,72,168,336,0,1,0,1,1,0,0,scania_0_frame.npz
sample_0175,scania,0,unit_0175,198.600006,46.599998,0,0,24,72,168,336,0,0,0,0,0,0,0,scania_0_frame.npz
sample_0176,scania,0,unit_0176,147,0.6,0,0,24,72,168,336,0,0,0,0,0,0,0,scania_0_frame.npz
sample_0177,scania,0,unit_0177,298.600006,30.799999,0,0,24,72,168,336,1,0,1,1,0,0,0,scania_0_frame.npz
sample_0178,scania,0,unit_0178,162.399994,47.200001,0,0,24,72,168,336,1,0,1,1,0,0,0,scania_0_frame.npz
sample_0179,scania,0,unit_0179,290,61.599998,0,0,24,72,168,336,1,0,1,1,0,0,0,scania_0_frame.npz
sample_0180,scania,0,unit_0180,202,14.8,0,0,24,72,168,336,0,0,0,0,0,0,0,scania_0_frame.npz
sample_0181,scania,0,unit_0181,156.600006,250.800003,0,0,24,72,168,336,0,0,0,0,0,0,0,scania_0_frame.npz
sample_0182,scania,0,unit_0182,127.199997,162.800003,0,0,24,72,168,336,0,0,0,0,0,0,0,scania_0_frame.npz
sample_0183,scania,0,unit_0183,142.600006,32.599998,0,0,24,72,168,336,0,0,0,0,0,0,0,scania_0_frame.npz
sample_0184,scania,0,unit_0184,96.599998,238,0,0,24,72,168,336,0,1,0,1,1,0,0,scania_0_frame.npz
sample_0185,scania,0,unit_0185,91.599998,61.599998,0,0,24,72,168,336,1,0,1,1,0,0,0,scania_0_frame.npz
sample_0186,scania,0,unit_0186,169.399994,129.399994,0,0,24,72,168,336,0,0,0,0,0,0,0,scania_0_frame.npz
sample_0187,scania,0,unit_0187,204.399994,102.199997,0,0,24,72,168,336,1,0,1,1,0,0,0,scania_0_frame.npz
sample_0188,scania,0,unit_0188,112,232.600006,0,0,24,72,168,336,0,1,0,1,1,0,0,scania_0_frame.npz
sample_0189,scania,0,unit_0189,133,58.599998,0,0,24,72,168,336,0,0,0,0,0,0,0,scania_0_frame.npz
sample_0190,scania,0,unit_0190,119.800003,173.399994,0,0,24,72,168,336,1,0,1,1,0,0,0,scania_0_frame.npz
sample_0191,scania,0,unit_0191,209.600006,256.200012,0,0,24,72,168,336,0,1,0,1,1,0,0,scania_0_frame.npz
sample_0192,scania,0,unit_0192,211.600006,155,0,0,24,72,168,336,0,1,0,1,1,0,0,scania_0_frame.npz
sample_0193,scania,0,unit_0193,254.399994,159.399994,0,0,24,72,168,336,0,1,0,1,1,0,0,scania_0_frame.npz
sample_0194,scania,0,unit_0194,70.800003,134.199997,0,0,24,72,168,336,1,0,1,1,0,0,0,scania_0_frame.npz
sample_0195,scania,0,unit_0195,131.399994,128.600006,0,0,24,72,168,336,0,0,0,0,0,0,0,scania_0_frame.npz
sample_0196,scania,0,unit_0196,133.800003,208.600006,0,0,24,72,168,336,0,0,0,0,0,0,0,scania_0_frame.npz
sample_0197,scania,0,unit_0197,51.400002,452.799988,0,0,24,72,168,336,1,0,1,1,0,0,0,scania_0_frame.npz
sample_0198,scania,0,unit_0198,169.600006,96,0,0,24,72,168,336,0,1,0,1,1,0,0,scania_0_frame.npz
sample_0199,scania,0,unit_0199,24.799999,425.600006,0,0,24,72,168,336,0,1,0,1,1,0,0,scania_0_frame.npz
sample_0200,scania,0,unit_0200,249.600006,67.400002,0,0,24,72,168,336,1,0,1,1,0,0,0,scania_0_frame.npz
sample_0201,scania,0,unit_0201,362.399994,4.4,0,0,24,72,168,336,1,0,1,1,0,0,0,scania_0_frame.npz
sample_0202,scania,0,unit_0202,145.399994,25.4,0,0,24,72,168,336,0,0,0,0,0,0,0,scania_0_frame.npz
sample_0203,scania,0,unit_0203,268,121,0,0,24,72,168,336,0,0,0,0,0,0,0,scania_0_frame.npz
sample_0204,scania,0,unit_0204,258,69.800003,0,0,24,72,168,336,1,0,1,1,0,0,0,scania_0_frame.npz
sample_0205,scania,0,unit_0205,62.200001,107.400002,1,1,24,72,168,336,0,0,0,0,0,0,0,scania_0_frame.npz
sample_0206,scania,0,unit_0206,178.600006,127.199997,0,0,24,72,168,336,0,0,0,0,0,0,0,scania_0_frame.npz
sample_0207,scania,0,unit_0207,182.600006,64,0,0,24,72,168,336,0,1,0,1,1,0,0,scania_0_frame.npz
sample_0208,scania,0,unit_0208,273.200012,59,0,0,24,72,168,336,0,1,0,1,1,0,0,scania_0_frame.npz
sample_0209,scania,0,unit_0209,296.799988,19.4,0,0,24,72,168,336,0,1,0,1,1,0,0,scania_0_frame.npz
sample_0210,scania,0,unit_0210,103,182.199997,0,0,24,72,168,336,0,0,0,0,0,0,0,scania_0_frame.npz
sample_0211,scania,0,unit_0211,208.199997,0.4,0,0,24,72,168,336,0,0,0,0,0,0,0,scania_0_frame.npz
sample_0212,scania,0,unit_0212,279.799988,41,0,0,24,72,168,336,1,0,1,1,0,0,0,scania_0_frame.npz
sample_0213,scania,0,unit_0213,105,181.800003,0,0,24,72,168,336,0,0,0,0,0,0,0,scania_0_frame.npz
sample_0214,scania,0,unit_0214,182.399994,17,1,1,24,72,168,336,0,0,0,0,0,0,0,scania_0_frame.npz
sample_0215,scania,0,unit_0215,122.199997,15.6,0,0,24,72,168,336,0,0,0,0,0,0,0,scania_0_frame.npz
sample_0216,scania,0,unit_0216,161.399994,106.199997,0,0,24,72,168,336,0,1,0,1,1,0,0,scania_0_frame.npz
sample_0217,scania,0,unit_0217,105.400002,349.600006,1,1,24,72,168,336,0,1,0,1,1,0,0,scania_0_frame.npz
sample_0218,scania,0,unit_0218,214.399994,73.199997,0,0,24,72,168,336,1,0,1,1,0,0,0,scania_0_frame.npz
sample_0219,scania,0,unit_0219,187.399994,107.599998,0,0,24,72,168,336,0,0,0,0,0,0,0,scania_0_frame.npz
sample_0220,scania,0,unit_0220,362.799988,8,0,0,24,72,168,336,1,0,1,1,0,0,0,scania_0_frame.npz
sample_0221,scania,0,unit_0221,155.199997,84.199997,0,0,24,72,168,336,0,0,0,0,0,0,0,scania_0_frame.npz
sample_0222,scania,0,unit_0222,318.799988,32.400002,0,0,24,72,168,336,1,0,1,1,0,0,0,scania_0_frame.npz
sample_0223,scania,0,unit_0223,288.200012,45.599998,0,0,24,72,168,336,1,0,1,1,0,0,0,scania_0_frame.npz
sample_0224,scania,0,unit_0224,117,220,0,0,24,72,168,336,0,1,0,1,1,0,0,scania_0_frame.npz
sample_0225,scania,0,unit_0225,87.400002,220.199997,0,0,24,72,168,336,0,1,0,1,1,0,0,scania_0_frame.npz
sample_0226,scania,0,unit_0226,317,124.599998,0,0,24,72,168,336,0,1,0,1,1,0,0,scania_0_frame.npz
sample_0227,scania,0,unit_0227,300.399994,59.400002,0,0,24,72,168,336,1,0,1,1,0,0,0,scania_0_frame.npz
sample_0228,scania,0,unit_0228,188.800003,48.400002,0,0,24,72,168,336,0,0,0,0,0,0,0,scania_0_frame.npz
sample_0229,scania,0,unit_0229,145.199997,24.799999,0,0,24,72,168,336,0,1,0,1,1,0,0,scania_0_frame.npz
sample_0230,scania,0,unit_0230,252,201.199997,0,0,24,72,168,336,0,1,0,1,1,0,0,scania_0_frame.npz
sample_0231,scania,0,unit_0231,142.800003,148,0,0,24,72,168,336,0,0,0,0,0,0,0,scania_0_frame.npz
sample_0232,scania,0,unit_0232,132.399994,136.399994,0,0,24,72,168,336,0,0,0,0,0,0,0,scania_0_frame.npz
sample_0233,scania,0,unit_0233,137,44.799999,0,0,24,72,168,336,0,0,0,0,0,0,0,scania_0_frame.npz
sample_0234,scania,0,unit_0234,140,5,0,0,24,72,168,336,0,0,0,0,0,0,0,scania_0_frame.npz
sample_0235,scania,0,unit_0235,354,9.2,0,0,24,72,168,336,0,0,0,0,0,0,0,scania_0_frame.npz
sample_0236,scania,0,unit_0236,258,99.199997,0,0,24,72,168,336,1,0,1,1,0,0,0,scania_0_frame.npz
sample_0237,scania,0,unit_0237,145.399994,1.2,0,0,24,72,168,336,0,0,0,0,0,0,0,scania_0_frame.npz
sample_0238,scania,0,unit_0238,331.200012,81.199997,0,0,24,72,168,336,1,0,1,1,0,0,0,scania_0_frame.npz
sample_0239,scania,0,unit_0239,184.399994,210,0,0,24,72,168,336,1,0,1,1,0,0,0,scania_0_frame.npz
sample_0240,scania,0,unit_0240,251.199997,144.199997,0,0,24,72,168,336,1,0,1,1,0,0,0,scania_0_frame.npz
sample_0241,scania,0,unit_0241,301.200012,28.200001,0,0,24,72,168,336,1,0,1,1,0,0,0,scania_0_frame.npz
sample_0242,scania,0,unit_0242,82.400002,241.800003,0,0,24,72,168,336,1,0,1,1,0,0,0,scania_0_frame.npz
sample_0243,scania,0,unit_0243,171.399994,200.199997,0,0,24,72,168,336,1,0,1,1,0,0,0,scania_0_frame.npz
sample_0244,scania,0,unit_0244,138.600006,5.6,0,0,24,72,168,336,0,0,0,0,0,0,0,scania_0_frame.npz
sample_0245,scania,0,unit_0245,111.800003,168.600006,0,0,24,72,168,336,0,1,0,1,1,0,0,scania_0_frame.npz
sample_0246,scania,0,unit_0246,269.399994,95.800003,0,0,24,72,168,336,0,0,0,0,0,0,0,scania_0_frame.npz
sample_0247,scania,0,unit_0247,183.399994,187,0,0,24,72,168,336,0,1,0,1,1,0,0,scania_0_frame.npz
sample_0248,scania,0,unit_0248,180.800003,131.399994,0,0,24,72,168,336,0,1,0,1,1,0,0,scania_0_frame.npz
sample_0249,scania,0,unit_0249,207.800003,4.8,0,0,24,72,168,336,0,0,0,0,0,0,0,scania_0_frame.npz
sample_0250,scania,0,unit_0250,95.400002,108,0,0,24,72,168,336,1,0,1,1,0,0,0,scania_0_frame.npz
sample_0251,scania,0,unit_0251,142.399994,0.4,0,0,24,72,168,336,0,0,0,0,0,0,0,scania_0_frame.npz
sample_0252,scania,0,unit_0252,308.799988,103.199997,0,0,24,72,168,336,0,0,0,0,0,0,0,scania_0_frame.npz
sample_0253,scania,0,unit_0253,144.199997,187,0,0,24,72,168,336,0,1,0,1,1,0,0,scania_0_frame.npz
sample_0254,scania,0,unit_0254,118.400002,278,0,0,24,72,168,336,0,0,0,0,0,0,0,scania_0_frame.npz
sample_0255,scania,0,unit_0255,152.199997,85.599998,0,0,24,72,168,336,0,0,0,0,0,0,0,scania_0_frame.npz
sample_0256,scania,0,unit_0256,112.599998,192.600006,0,0,24,72,168,336,0,0,0,0,0,0,0,scania_0_frame.npz
sample_0257,scania,0,unit_0257,93.400002,89.400002,0,0,24,72,168,336,0,0,0,0,0,0,0,scania_0_frame.npz
sample_0258,scania,0,unit_0258,177.199997,2,0,0,24,72,168,336,1,0,1,1,0,0,0,scania_0_frame.npz
sample_0259,scania,0,unit_0259,230.800003,70.599998,0,0,24,72,168,336,1,0,1,1,0,0,0,scania_0_frame.npz
sample_0260,scania,0,unit_0260,154.800003,89.599998,0,0,24,72,168,336,0,0,0,0,0,0,0,scania_0_frame.npz
sample_0261,scania,0,unit_0261,162.800003,167.399994,0,0,24,72,168,336,0,1,0,1,1,0,0,scania_0_frame.npz
sample_0262,scania,0,unit_0262,122.800003,300.399994,0,0,24,72,168,336,1,0,1,1,0,0,0,scania_0_frame.npz
sample_0263,scania,0,unit_0263,219.800003,33.799999,1,1,24,72,168,336,0,1,0,1,1,0,0,scania_0_frame.npz
sample_0264,scania,0,unit_0264,402,27,0,0,24,72,168,336,1,0,1,1,0,0,0,scania_0_frame.npz
sample_0265,scania,0,unit_0265,118.199997,113.599998,0,0,24,72,168,336,0,0,0,0,0,0,0,scania_0_frame.npz
sample_0266,scania,0,unit_0266,218.800003,172,0,0,24,72,168,336,0,1,0,1,1,0,0,scania_0_frame.npz
sample_0267,scania,0,unit_0267,187.800003,80.199997,0,0,24,72,168,336,0,0,0,0,0,0,0,scania_0_frame.npz
sample_0268,scania,0,unit_0268,132.600006,302.200012,0,0,24,72,168,336,0,1,0,1,1,0,0,scania_0_frame.npz
sample_0269,scania,0,unit_0269,157.399994,68.599998,0,0,24,72,168,336,0,0,0,0,0,0,0,scania_0_frame.npz
sample_0270,scania,0,unit_0270,186.199997,242.600006,0,0,24,72,168,336,1,0,1,1,0,0,0,scania_0_frame.npz
sample_0271,scania,0,unit_0271,300.799988,51.799999,0,0,24,72,168,336,0,1,0,1,1,0,0,scania_0_frame.npz
sample_0272,scania,0,unit_0272,347.200012,56.200001,0,0,24,72,168,336,1,0,1,1,0,0,0,scania_0_frame.npz
sample_0273,scania,0,unit_0273,141.600006,2.6,0,0,24,72,168,336,0,0,0,0,0,0,0,scania_0_frame.npz
sample_0274,scania,0,unit_0274,291.399994,44.599998,0,0,24,72,168,336,1,0,1,1,0,0,0,scania_0_frame.npz
sample_0275,scania,0,unit_0275,235,3.2,0,0,24,72,168,336,1,0,1,1,0,0,0,scania_0_frame.npz
sample_0276,scania,0,unit_0276,361.200012,61.599998,0,0,24,72,168,336,0,1,0,1,1,0,0,scania_0_frame.npz
sample_0277,scania,0,unit_0277,154.600006,15.4,1,1,24,72,168,336,0,1,0,1,1,0,0,scania_0_frame.npz
sample_0278,scania,0,unit_0278,433.200012,25,0,0,24,72,168,336,1,0,1,1,0,0,0,scania_0_frame.npz
sample_0279,scania,0,unit_0279,233.800003,64.599998,0,0,24,72,168,336,1,0,1,1,0,0,0,scania_0_frame.npz
sample_0280,scania,0,unit_0280,249.800003,76.400002,0,0,24,72,168,336,1,0,1,1,0,0,0,scania_0_frame.npz
sample_0281,scania,0,unit_0281,91.199997,221,0,0,24,72,168,336,1,0,1,1,0,0,0,scania_0_frame.npz
sample_0282,scania,0,unit_0282,285,40.400002,0,0,24,72,168,336,1,0,1,1,0,0,0,scania_0_frame.npz
sample_0283,scania,0,unit_0283,177.199997,149.600006,0,0,24,72,168,336,0,1,0,1,1,0,0,scania_0_frame.npz
sample_0284,scania,0,unit_0284,354,5.6,0,0,24,72,168,336,0,0,0,0,0,0,0,scania_0_frame.npz
sample_0285,scania,0,unit_0285,159,126.599998,0,0,24,72,168,336,1,0,1,1,0,0,0,scania_0_frame.npz
sample_0286,scania,0,unit_0286,198.800003,92.599998,0,0,24,72,168,336,0,1,0,1,1,0,0,scania_0_frame.npz
sample_0287,scania,0,unit_0287,200.800003,170.199997,0,0,24,72,168,336,0,0,0,0,0,0,0,scania_0_frame.npz
sample_0288,scania,0,unit_0288,135.199997,0.2,0,0,24,72,168,336,0,0,0,0,0,0,0,scania_0_frame.npz
sample_0289,scania,0,unit_0289,107.199997,142.399994,0,0,24,72,168,336,0,0,0,0,0,0,0,scania_0_frame.npz
sample_0290,scania,0,unit_0290,142.600006,65.400002,0,0,24,72,168,336,0,0,0,0,0,0,0,scania_0_frame.npz
sample_0291,scania,0,unit_0291,145.399994,117.800003,0,0,24,72,168,336,0,0,0,0,0,0,0,scania_0_frame.npz
sample_0292,scania,0,unit_0292,150.399994,52.200001,1,1,24,72,168,336,0,1,0,1,1,0,0,scania_0_frame.npz
sample_0293,scania,0,unit_0293,226,46.200001,0,0,24,72,168,336,0,0,0,0,0,0,0,scania_0_frame.npz
sample_0294,scania,0,unit_0294,271.200012,19.799999,0,0,24,72,168,336,0,1,0,1,1,0,0,scania_0_frame.npz
sample_0295,scania,0,unit_0295,277.799988,77.199997,0,0,24,72,168,336,1,0,1,1,0,0,0,scania_0_frame.npz
sample_0296,scania,0,unit_0296,201.399994,3.6,0,0,24,72,168,336,0,0,0,0,0,0,0,scania_0_frame.npz
sample_0297,scania,0,unit_0297,98.599998,211.399994,0,0,24,72,168,336,0,1,0,1,1,0,0,scania_0_frame.npz
sample_0298,scania,0,unit_0298,146.800003,174,1,1,24,72,168,336,0,1,0,1,1,0,0,scania_0_frame.npz
sample_0299,scania,0,unit_0299,91.800003,55,1,1,24,72,168,336,0,1,0,1,1,0,0,scania_0_frame.npz
sample_0300,scania,0,unit_0300,257.200012,31.6,0,0,24,72,168,336,1,0,1,1,0,0,0,scania_0_frame.npz
